A,B,C,D,E
0.38342048800857303,1.3850956718389456,,-0.545131786765053,-0.7323949606167726
1.0841745004434415,0.08061295277192373,-0.7705272120361811,-0.2721433249271648,-0.7498812312529516
1.142778247140492,1.2584187159021603,,-0.07200745833227716,-0.4407566792532979
0.3078936764297574,0.5213995006144102,0.44697350251802503,0.3295299465491435,-1.4573881963414121
0.23778744267090512,0.1324009540280875,-0.5166295869127189,0.17799475323027844,0.4161816615061205
0.35595116190861553,0.21319891333996444,1.1268198999299106,-0.8131230456594066,-0.06596263619972133
-1.6630754187023522,-1.2795098260438622,,0.28829114171556564,1.0200479830091431
-1.382773180699087,-0.17442404216535892,-0.2421392209844101,1.0258933070152416,-0.530846865721006
-1.9268448358915802,1.996394585517229,0.6775380925397235,0.13583015690308886,-0.3596945978706777
-1.4862162961554322,-2.112245318127542,2.8172636995418157,1.224069420119141,1.2589544155319201
0.006925189668072576,0.6471645425087537,,1.3591396182625022,0.7644078753834397
-0.03488724631833874,0.6894297402450698,-0.08195296877046568,-0.8168765521780554,0.893046678529789
-0.343573230291706,-0.7299000713185636,,1.674067942103639,3.373868925422168
0.7089564807287636,-0.2756913135757701,-1.5891172928159696,0.888536740736003,0.1450609735038493
-1.5510060822638587,-0.13679625994975872,-0.320536811068016,1.2078602770842086,0.10213669405617855
1.3456558341738827,1.1816224006407638,-0.3511709400399302,-0.014362760273711297,-1.4744465188252385
-0.05654271592671973,0.7633491401542493,,-0.9417323885138237,0.9457734320328223
-0.8301734186231963,0.3370340908124445,,1.086893306630358,-0.3430755094073769
-1.4639515940951258,-0.46111369741151453,-0.33893230329038837,-0.5054814582740348,-0.3433840365590653
-0.35459593292715796,0.28204038495804545,-0.7359056039088097,0.27874931897734156,-0.3679060712685788
-0.3423938033927359,0.10680543968463138,-1.655045691292394,-0.4656756110209016,1.06184867271682
0.7588240127357396,0.6076591501491526,-0.7443937416645225,-0.39172144289160754,0.019499751367147173
2.2248009805234132,1.072331184457398,,0.8725206398224398,1.5922186014914563
-1.7170314140356513,-0.5020109508894572,-0.40523648337868956,0.9189001487095907,2.1031232018128296
1.5891688938356414,1.0080549020603775,-0.20390924200670532,-1.030677653103299,-1.0643792270306462
0.371269632730236,0.9781597695495005,,2.9210127510137855,-1.4478885462790358
0.7724983240680776,2.1679350644823234,-1.5018648079629653,0.41469633745961004,0.20111666638947792
-0.43162053051888,0.07772191772527959,3.4682027581159316,1.0956563815087794,0.6932076097345463
0.7696773753028069,-0.5609960604975834,-0.6974371843511563,0.24084416305948186,1.0838146076184096
0.9180612818652775,0.1089467802370576,,0.6363537399824021,0.10207052004880597
-0.4521553634693294,0.41070945447630897,1.2522860657375952,-1.1043156741429818,-0.5861687844570068
0.3186419728662058,1.396371531073039,,-1.21651296409658,0.14938898031890976
0.8166917977515905,-0.03748617506697133,1.9016743744637419,-1.1364632323713235,-1.5600492243389485
-0.1653754100419341,0.4074666366284557,0.7558838019289543,-1.0953022066726654,-1.1266218996002526
1.1327631538635317,-0.6547416003511476,-2.465796193169362,-0.4437159954437863,-1.088576075594903
0.20834420224551445,-1.8053823598435281,,-1.8155586711344578,0.6297177694410876
-1.6815879007892338,0.3244257479259298,-0.6210481149164893,0.9670487043026859,-0.7976447589800808
-0.30116234882073906,0.5479906811033203,0.8621216571861159,0.3752831077929586,-1.3876793090106987
0.6240100361276693,-0.4234702099475385,0.8856994696047187,0.1808337815841943,-0.4479852998536161
-0.29895572417745575,1.8153678988858213,,0.41795854734849125,-1.9378543862223254
-0.2506506298124997,-0.49325789272131854,,-1.8143559982661617,-2.0175456843221626
-1.1569544074676172,1.2602179668937143,-0.681705077632526,-0.1808946534156046,0.5859625421155973
-1.292938546183767,-0.42105817849532584,1.5529035761766468,-2.0494051088408196,1.1238534836848804
-0.6307021859446371,0.8736604565058301,-1.8033047425258464,0.02783578701064446,0.7479521305345124
-0.6989883819133805,-0.0030603847765104373,,-0.6475848940141457,-1.2888991657121045
1.266933362283702,-0.24627816725791826,,-0.04531673635984958,0.6589873014243353
0.8415304322051355,0.2842008904905988,,0.3482108221455419,1.0031465998787361
-1.4645872857465905,-0.4366006743719433,-0.2750293988946998,0.009231791425869749,0.9526062702931618
-0.16847185402985962,1.5346171275290836,-0.12183349774726285,1.0983951181951803,1.2841669437001157
1.290542650196603,-0.3343088289117684,0.6022490527031961,1.1968797283295616,-1.0548136296092274
0.3647851472570744,-0.6288832824581425,-0.8341352159376882,0.5968161544364522,-0.006031192131664472
-0.09947444384810192,0.5597668258386412,0.12807700534667796,1.1018959083623494,-1.0729537723666756
-0.8287722470209846,0.5508543444578604,0.15305530064982714,-0.9862309235513009,1.5422319214910192
-0.6534703379265495,1.0931090351460373,1.2007932671402994,2.8754265012594624,0.5260078766981512
0.07046089094815382,1.093125305681325,1.0031326785773254,-1.9173348442038536,0.1482345249611475
-2.4653554808548805,0.3812576685003067,1.8840343332712821,-0.10845802949188535,-0.4311533773269913
1.392775701138499,2.2349801185675737,-0.1496544879372414,0.3929628356183461,-0.011666818077523074
-0.0553301263307394,0.9946729697964142,-0.8933097272135282,1.1448068938207554,-0.8561585256022042
-0.8412344832826834,0.6077336438569098,-1.0215884245794356,0.2267206626343986,1.6551186750491205
-0.37720678560476356,-0.2988614264250303,-0.44293219318158483,-0.042644299597200376,0.8937164753012239
1.3318097560909303,0.5072549998264309,,0.8270571047725213,-0.15432869014831482
0.17026482571366938,0.010029441384333862,,1.725142541804731,0.09084302877730964
-0.5141998510769794,0.42897029613866616,-1.2479828774061092,-0.5613829252791773,-0.6593431883535041
-1.2704080615559952,-0.5409994828120372,0.8851861924923498,0.4917501870646549,0.4848722530947
1.7426026477347698,-0.3229156390635966,1.2118895501118763,0.9895042649796966,0.6077989916461556
-0.35853139988159427,-0.08094414558560664,-0.8945537280391457,0.12248644772967336,-0.4603049094797693
-0.18457670447339936,1.2926701253713981,1.2895950390019455,1.259247889345355,-1.6497176213562355
0.6224475629520846,-0.47508574238203366,0.7986794873279238,-0.08148725359005081,2.700680966883074
0.45047947669098454,-0.732113821043464,,1.672613463060955,0.05417051918471182
-0.3984110884070291,0.5413031192442733,1.294102095827118,0.058774903258975705,-0.7259639032774727
-1.0669574324343074,-1.2016399361748054,-0.41669340862749216,0.11733175181997943,0.27343177251836004
-0.18344576619577221,0.5850220287658771,0.4304561874650952,-1.1456504494433646,-0.6071797797872758
-1.4241937799442292,0.1496301351665538,-0.845589627503703,0.5758699317013265,-1.1649026296149074
-0.6866920936298844,1.9943609351607083,,1.6199870800186151,-1.4063598421052945
0.7357735428492065,1.322571438145901,,-0.1561651842743555,-0.4078064704866386
2.187913808911065,-0.25566431183435984,-0.11172190009895971,-1.0461650289841002,0.016843938451652735
-1.1484202632927432,0.12803530798934115,-0.3587953764033704,-1.2552474821012496,1.6497338408899243
-0.27932713940674625,-0.294689213513645,,-0.9501478372854357,-1.1200631300938868
-0.5036144665019591,-0.7526713086100889,0.5001776262311485,-0.3064419598164418,0.49504753134728813
-1.6640209422704701,-0.7272726581835522,0.28608585913212786,2.284193359596298,1.7293884433803357
-2.2207697567230467,0.39814135404358064,2.570222464045306,-0.2566575174223999,0.02458565841016988
0.4171804524315985,1.1733423426494565,,-0.09254801104456291,0.9506061153471315
-0.5850522676102841,-0.818696305012301,,0.24674686877880003,0.7901157918116275
0.1694414705161115,-0.6677988309526023,-1.4171359628443305,0.8258526681504698,-1.7666223182792307
-0.01081139107529795,0.15318228036223167,2.61366188674092,-0.2815461652588646,-1.563609134329693
-1.8328553492656947,-0.23358687557245242,1.4518610783756993,0.597180729466975,2.026408240919706
0.2587660287000129,-0.4404019150724958,,0.109755048291622,-0.20461261335244177
-0.6099040469196689,-0.16471178201814077,,0.9191504996596551,0.17952389002086303
0.13865531547647492,0.4498548075179469,-2.7873681837257536,0.9883779311177661,1.6157322708297681
-0.0248489027853774,-0.4845368032924579,,-0.48421881006243944,1.0737715457894383
-0.9931723762005709,0.9846856246607316,0.8411443554108803,-0.5770133487161273,0.48747946748774107
0.7259271194641179,-1.7717674607224119,,-0.005029831436364444,-0.46473107302650213
0.36592994728916833,-2.3235579503294437,0.0015515880140954067,-0.025391559726751892,-0.9342927610498389
0.34420053983736615,0.09899107778492021,-0.4189316956216026,0.5159754948469959,-0.9738371016373475
0.5540813102388791,-0.09343908304708175,-0.7261713572456743,-1.2192580766993923,0.3940749842937516
1.308688201610617,-0.24012615992607514,-1.8971747485039965,1.3339847032991785,-0.9312011096425752
0.4053762426966308,-0.2808506142460465,-0.025165989421517425,-0.25126715008648876,0.4437047903184061
-0.1850696823733137,1.3586514760931867,0.6568270828436218,0.03447750096710355,-1.9011828438569554
1.0553876373824926,-0.22569423166960526,-0.13804316149342255,0.3732599000546355,0.15263816742122388
1.1870144262405193,-1.7336543523927894,,-0.02995252751852125,-1.0928328998193975
-0.25027282575443077,-0.1214292406304356,,1.0606627308297953,0.7198681364350034
-1.5804521474934718,0.17022959277127914,,-0.32250173967303464,0.9716459881821786
0.11241530202355499,0.8895710888863834,,-2.4528670346298607,-0.08239410958454928
-2.384201300509004,0.5919795926006863,,0.020420412892387406,1.3657929114749014
0.7853810843082096,-0.9535054095042679,,1.7136683236809436,0.6600731649400312
1.5034593107419372,0.9212899311669956,,0.7988090552856857,0.23537880245511494
-0.5403453079370674,-0.7274747468833669,0.28321964490174856,-1.3114124869909631,0.45840004265428624
-0.28856914572403214,-0.1080741936174608,-1.750022109416539,0.0729790866466509,-0.6074131900189514
0.6533826064221389,0.4622570525330398,0.3392624754716347,-0.7900860056589175,-0.8159931488556885
0.45413412824623317,-1.7053864434079011,0.6767197444627054,-0.3381440224057003,0.4585792773444609
-0.573610719251008,-0.2904667234048773,-0.3488024161944468,1.0851168852875355,-0.46277716759027804
0.6976963936289391,-0.8862118949908367,,-0.7795279857829692,0.043595702943050894
0.9265576270845403,-1.828942191662443,-1.0380179828513387,1.2238192294885581,0.4343438496316972
1.541552293791922,-1.1290919041133032,,1.1660320348633901,0.2167611316738192
-1.334366444691666,-1.619211674888483,1.7471580911351046,-1.311184801672536,-0.8120558006958156
0.23676077906017257,-1.2153723014105913,-1.2520015404557328,0.8572602971150718,-0.08508713566653489
-1.273950837509917,-0.8240154217757176,,0.0594535141716517,0.4037957401027379
0.7626863617899053,0.15373665253714006,-2.465807045507306,0.16562109890159163,0.5836282434024497
2.450275202924921,-0.5335024521175281,,-0.14382389411520974,0.8616179893523934
0.7831381484478084,-0.8821019585967309,-1.1166331724363041,-0.6904700076514075,1.0471855509198653
-0.1504941069559622,-2.256536603048555,1.6375875052972648,0.321407205970747,0.5788794163525253
-0.7844774631142203,-0.2219661584128335,0.9733442626104906,-0.5975593789564968,0.09676696378590796
-0.7235812293548752,-1.7397685914189895,,-1.0828487168757177,-1.3612260023025442
0.2099155238353006,-0.34970984266298993,,-1.311020984556504,0.36235883611276976
0.20947568622978666,0.6061344563583937,,-0.5037215523041448,-1.3180442518694226
0.2689272088070431,2.071981583524099,2.226279387371805,2.4332213486335594,0.20361162452786136
0.008756165234734884,0.27458977432847065,,1.8777363256461113,0.9491429773005606
1.2047373194684565,-1.880500922521127,,1.5496925823263787,0.05967519982824826
-0.5481182220663947,2.3666181597393052,-0.15683564903510427,-0.6070397728920226,0.8351061110288263
0.36627920373173783,-0.30051803302350155,1.5141419456750933,-0.6454793764896196,-0.006361117756994711
0.1396127616923183,0.48182470482552625,,0.6824104085362401,-0.8619719254806771
-0.5467643135985621,0.05080834092894004,0.24946610103599415,0.6154683166809232,2.5454974281706284
-0.5681578149869679,1.0390634483008676,-0.2093718450504647,-1.2028614269136575,-1.5692776844516254
0.6829576324846433,0.2545595727802636,0.14224653942613147,-0.6256019462172152,0.8529523114142958
0.685301177402599,-0.6131997813955411,,1.1078339503343817,-1.8788604153423787
1.224551715083079,-1.2144500285883344,,0.7196602871650142,-1.2159811375623693
0.37339768125174777,-0.6027630213067341,0.3903170860185642,2.3414301469911813,0.7560878415777105
1.7852053736283156,0.6025745697349153,1.2087824425058664,-1.3291754719412212,0.5344454208883299
-0.4498353414481136,0.41634566291417635,-0.11900716206901435,-0.042043241622142784,0.4248752627941481
0.8313143002736321,-0.5005222818159715,-0.15277380737836396,-0.9524643098223566,-1.1857393202216315
-1.1189257811711497,0.785299185619037,2.4829621387822516,-0.21452999724537897,0.03985140607706007
-0.5798674034805238,-0.24027340559061605,,0.398499286480035,1.0593624331526539
-0.31243149462562314,-0.12092109514320885,,-0.28773633569824586,-1.0338978226054802
-0.1902079693091231,0.6179406876844129,0.6115557218332672,0.13484077959521307,-0.9270846927256534
1.5416133146229607,0.05548339966418275,,0.07535594362326538,0.5013818364425111
0.8879435985502974,-0.25496963530491995,,0.37025296125941376,0.0027089696066776013
0.19570534431498257,-1.4452241394412313,0.9657593059974914,-1.236479867567717,-0.8286058886957808
1.1846920294225394,-1.2301553562509537,,0.8498428385584744,0.5009582775473448
-0.8948500622243492,0.8478344217875343,0.4730906095132833,1.2874677432136996,0.8222447984102611
0.5524119755934352,-0.6258177056066965,-0.257676222826705,-1.6960826642707443,-0.5743143603196682
-0.2733874045119571,-1.1303371327763392,,1.1396392498484358,-0.21495864572657317
-0.9632250514566243,-0.7025253851142725,,0.236079186061407,-0.52688162327353
0.10617283591748639,-1.8021753687453725,,-0.6518967982210426,0.7441046873696656
0.7237590624253404,0.6181063205048261,,-1.0408904996045258,-0.38993457525496256
0.21798967912700873,1.8246619022023591,,0.5644737355582362,-0.418995632790905
0.1940223087322443,-1.6625593897819744,,-0.4319886719825394,-1.0000435670015084
-0.6889899757985083,1.6114663804763651,-1.410333252265378,-0.45662126740085396,1.9082394044995605
-0.3516696436204985,-0.13433678824621437,0.2178355933193652,-0.4280010491927495,-0.8595508687261099
0.9909329773184973,-0.6763648126156371,,-1.0190080247875908,-0.2921803163931927
1.2121468150185186,0.6663034506894524,,-1.6084192045059702,-2.620985903154908
-0.6089654373693767,0.9398399380129581,0.9757636972406503,-0.5143992740672211,-0.07680913116838968
0.03254898346416765,-0.46591714663387196,-1.317558073934027,0.18659768240714786,0.75008608000355
-1.8840890712454552,0.6611381766539803,1.607650315120053,-0.18966554820913364,-1.4082656851138955
-0.860866412619485,1.1772160789021369,,-1.6828607811581646,-0.08301601189199767
0.5527547196607572,1.1247947965026015,,-0.07354378922090818,1.7866815179706068
0.104293755970721,-0.4052190588851448,-0.3682745212249847,-0.006095512704768858,-0.8024741212282249
-1.6616201956142302,-1.4957963382435822,,0.012635656435114748,0.23350121028881107
-0.9652303520239354,-1.0655323910360561,-1.883921749295724,-0.532330965860509,-0.8464206636739334
1.8984282239797974,1.4199530788574664,,0.3254861500477864,1.8309277669308015
2.6255308726541995,0.8472489916168309,,1.4855709548815788,-0.1447137530592347
-0.38160921416179155,0.5436375972083017,1.1401943939198544,1.4343460351681536,0.3438099639566594
-0.9480208222003648,-1.3193744415728663,-0.590915061286049,-0.7492846647197159,-0.682919332547494
0.45375797778887145,-0.48383396356779085,-1.2431758159501878,-0.7171532417323637,1.0945254328508864
-0.7162702753778524,-0.11122520052738319,-0.8501982018538269,0.2264506650712036,-1.162932648254757
-0.1677503294060748,1.91214640901922,0.10523411380521168,1.3375616429347514,1.3000568768995708
0.08954572073306402,-0.14798465449039128,,1.529156461957233,-0.27747794844037926
0.8740060519863648,-0.784777907312327,0.6366095704952848,2.508024847495478,1.7697669046139846
0.40162700372357163,-0.31388936909551884,0.5001975524868479,1.5885671143381017,-0.2469264970055762
0.20491068603376858,-0.5666778333493631,0.8817956013895535,-1.343590706629375,1.6657547757740185
1.0427224662413124,-1.0079198762255677,,0.29112520199885106,-0.8662559810723125
-0.3523562215445016,1.11743420884167,,0.12399184297036524,1.068687909222767
-1.2416580554177619,-0.7473242905650075,0.3470161991816098,-2.253972540487799,0.42705283740716304
-0.43438820506658876,0.8931956726098619,0.6089547321861993,-0.1692620138200797,-0.048243314373576505
-1.4367719072816703,-0.028879201165905356,0.37724738668930613,1.3967304092730004,1.9573080970046164
-0.539289596964657,-0.35857908818217865,,1.1454351752996477,-1.5820647429140082
0.018518064715292923,-0.9292449521487637,-0.45759563867736286,0.6459966479379182,-0.5712887018288255
-0.5736964549517627,0.2816440632900524,,-1.48881241081889,-1.134814178905382
0.9378269032030755,-0.20605686051949493,0.9125945112844451,0.5976424392097874,-0.6005539445911275
1.079232029829143,-0.3175711759897227,,0.1160078994371488,0.4770161019768847
0.24863322762629425,-0.49361254001895444,1.081132461340187,0.24804713280492563,0.3878079749263075
-0.004054934263695407,0.5492976012509935,-1.8903664014320904,-0.7606279658513407,0.3476162828262346
1.2667425140209634,-0.1288351818489969,-0.8951964706878247,-1.8152053907798524,0.7708934764121307
0.11703802078481768,-0.5610353963241012,,-0.31510087329231884,0.5141879659647748
-0.35016528730819835,-0.5479017227347024,,2.3527059858050086,0.9419171511904733
0.41088231071285214,0.3428176138880403,,1.0388240996916907,0.2765890757950005
-0.7639751186048923,-0.13315871853959232,,-0.46683451237095147,-0.6328481643953521
0.7668211908508363,1.5035935377229224,-0.9401363169312249,1.1083898517253756,-0.041478981416803076
1.0321893952706378,0.6582440161506362,,0.10876043835209422,0.21356226597897815
0.4043801221270989,0.9096517682276786,,0.14016151959586978,0.03253973871978617
-0.13491594673576462,-1.7210194295718884,1.249150556523914,1.9313611825945134,-0.2326896951533404
,,-0.3751704711469699,-0.5233071120338308,-0.4318503273095474
-0.6429423233189866,-0.863094596425666,,0.6124513998704505,0.3217796249348892
,0.10099354349180793,0.10304906210577275,0.1926418572988702,-0.48858295061703255
-1.4576579213913996,,,-1.3075985542669875,-0.29881255082750746
-0.09106012037176368,,2.209318390917514,1.0234772702915884,-0.048560009354390976
,,-2.066974307353645,0.13652110136212117,0.3240169207245392
,-0.8720844473378648,2.4453472547021207,-0.2945216421188255,0.05427749982771773
0.6595580091272496,-0.661535715829665,0.1924132842007048,-0.715933466783255,1.386953670673545
-0.7945946142653937,,0.60668398134953,2.175987555491384,-0.3299952151193304
,,,1.2586125983623302,0.9174880341580957
,,-0.9673604901479774,-0.8856321648514395,-1.85572069977871
-1.8329442500392144,-0.8004814228389588,0.8962383182984638,-0.22746666565181403,-0.8694616434226985
0.29283080246110627,0.4397034806118629,0.7364244603789097,0.2233429271681876,-1.3460836407645067
,,-0.44371035543870013,0.07451782319146619,0.2667771391933143
0.28359449147704835,,-1.1145906626849573,-0.39138418365659106,-1.0572162998350505
,-0.13389580530906425,,0.6977893900013418,0.022169825161562975
,,-0.2721506043341217,-0.26018956959106143,-2.566399872273375
0.4023252329573524,,,-0.2975375333821839,-2.0413444903837576
,,,1.5202223913306536,1.391332080338163
0.12286212890012096,,1.335901297891294,0.2057446719744671,-1.3848181770612802
,-0.4383392368194146,,0.11316627438821111,1.7891187644954134
,-0.6604229901059421,-0.9029617844276456,0.9698348727924438,-0.10249682477549021
-0.8984897709560346,-0.9609491040335749,-1.215553426756779,0.9664901957866918,-0.478054233943074
,0.8301102192012113,0.7198893797970426,-0.878479436735978,-0.6510939001761339
-0.4417203525936586,,-0.4645539258397903,-1.2531432444945956,-0.7254664616601016
,,-0.364517425615478,-0.8648927635826648,-0.4977585915467134
,,,0.5821262173376369,0.6035374526404256
,-0.38510156685048313,,-1.2770656240782414,0.1271153747701395
,0.9323105550603034,0.10566490923468697,-2.129155990094303,-0.6911814609157783
,,1.3124372319376196,-0.6361820987264833,-0.011060761511187915
,-0.5448327879505427,,-0.7938847844508499,-0.5262575640242921
,-0.6418012860137684,-1.0909099921662646,2.2659727215534744,-0.38194447953264166
0.6380901923816202,,-1.218622469352714,1.7581586187731364,-0.10274798505807552
,,0.055489227813035356,0.5911310524634384,0.6013090517849077
0.2141639861019037,,,-0.23167870452463674,-0.7153360043951997
1.6834094676795828,,,0.02598698289156218,0.8396640964592967
-0.9222897252119504,,,1.5178593079958564,0.045156493574695755
0.614784970201414,,,-0.23168441866067999,-0.7313180519018605
0.4050391619330478,,0.8536693053812798,-2.3129521032341973,-0.3922287911448741
,,-1.3225701645382448,0.36655621899079355,-1.6100556818068792
0.4027207173966994,-0.5795361358253349,-0.6029119196697849,1.1159933852883204,0.42146212177564923
,,-1.3975233896856578,-0.5935307736701664,-1.105250599410793
,,0.5193170465480926,0.5057111971125154,-1.322644260746593
,,0.5310121023120167,0.5917453464786854,1.166237587782919
0.11748214888700936,,,-1.2440700585529083,0.4931850665106878
,0.6887695004841831,,1.254437081028934,0.07600301993762926
-0.178216387599212,,,-0.6593428863573395,0.35360652193334313
,-1.2900876813393323,0.231755795035395,0.22540876735485646,1.2118577963324368
,-0.5866846193502538,0.8926793928638272,1.4962695606605771,-0.5178862322398491
,,,0.435661240168733,0.9365381210639449
0.10881971130090196,,-1.3844286708975444,-0.26329874977530615,1.2056348635696892
,,0.5466105626348583,0.4122347826380078,-0.9885146945844011
,0.061122844559658905,,0.13039673353552877,-0.5883435355255038
0.3904932689740168,,0.6985765178412202,-0.6924842609543965,0.042673653570529324
,0.5371756520979446,-0.5897954377393168,-1.1969924525655737,-0.6421447258587994
-0.8551292909637355,,-0.9876550121224742,0.42057872514143047,0.3883303215161396
-0.1461645845591326,,-0.9541356608006439,-0.9099942826355782,-0.9067662147963821
0.10961612907659031,,0.14743470505114273,0.25330804112243405,-1.5527883474092423
,-0.41908596610664306,0.6300805435926576,-0.3227018548295181,0.008529506580082277
,,,-1.22685760715754,0.3261998977288522
,,-0.7005824814039945,-1.254703448286778,0.736325153332654
,0.8868210387140425,,-1.6635815562634533,-1.163237477136435
,,-0.3337098352324937,-0.5829318239925289,0.20044122971391415
0.5765023703323079,,-2.243273444031329,0.10788702499729798,1.2370146839000538
,-0.45412654540409014,0.14030209759200973,-0.3650208327764076,-0.7499266610130568
,,1.4078089880677627,-0.07050654661441917,2.041289045468254
,0.5030948744455129,-0.3559150939895764,-0.5419912351368105,0.3518850848282238
,1.5837134824042278,-1.233981571766759,0.04959920235132499,0.6092044190414017
-0.2529791007541373,,,-0.10577781186292505,1.4841948682728492
0.3341555529372175,0.011146611601873486,,1.2257524640526247,0.7557245683202913
,,,-2.2017316350633185,0.24191838396740206
,,-1.0878886933894893,-0.5708706760867748,0.4451421088227776
-0.2594290979046857,,,0.3520883675105281,0.8730027445178276
,,,0.49970348762146827,-2.0819895828195643
,0.6802710224587997,,-1.5315925845372425,-1.1587012950219984
,,0.48143022727427665,0.02722475431139169,-0.3852208374925781
-0.9325148000574998,0.5562310444120699,,0.2419893814904287,0.7962639049458066
-0.31162924340329895,-0.47373792087283273,,-0.4368280365154821,-0.5958247346143462
,,1.6641443731208192,-1.9206666139339463,1.5374011324202348
,,0.13640776451311723,0.4541372739992877,-0.6948745776243368
,,-0.10868469679383175,-0.14382243253551483,1.3574527968886865
,,0.8309425487561442,0.151043573895142,0.9380084602405274
-0.7531449754643,,,0.5751961320880409,0.040635595286037995
,0.5042750453697545,-1.570470884179058,0.9339846623088289,-0.011642981435510253
-1.05037910988801,-1.314932526885475,,-0.3888543606703028,0.4891332906502142
,,,-0.9560825879814243,0.8992553301034795
0.813897857050526,,,1.4338096335748514,1.3874264808771386
1.0357237870423452,,-1.9560050237122972,0.31126230166638996,2.5888569278698834
,,,1.9735431867402666,0.09603649337645251
0.5131087246162741,-0.013434105656910148,0.4073473160467239,-0.3981766398216482,-0.1207877215678837
-0.9053610089408902,,-0.7647739975732496,-0.5638286035765055,0.1888745892316086
,,1.6943570066600424,1.1466314098787542,0.8503298745041243
-1.5215942468131407,,0.49378038632049726,0.6672805226289635,-0.17336333350084396
,-0.4188933195461928,-0.7644949803771811,-1.1913336586462393,0.7402664289606745
-0.4014410307217862,,,-0.4048809285971435,-0.10707566765145439
-1.1115509454101542,2.6107390177356775,,-0.6493626824832696,2.3540440664320283
0.9580280436749921,,,0.2161266613620662,2.540762903886749
,,-1.9398620457709224e-05,0.8309511739848611,0.7930250847039466
0.891258974152232,,-1.2757451991094728,0.03380581895752238,0.5842862738232799
,1.2981839798433017,,-0.40572245267517026,-1.5750835326955588
,,0.5861638599901693,2.4222805146814697,0.7909130989913613
-1.258542755254562,-2.032612373062341,,-0.4593118191206944,0.22881006178589341
-0.7055058786434051,0.430968834943896,,0.8411012737626713,0.7730461393196836
,0.6944782539187481,0.6484922464649706,1.0354134356325817,0.10094937549548579
,,,1.0316712588336059,-0.27002102164345904
,,0.722971137107966,0.26924648029534537,-0.6729091620008029
,,-0.2192704930235924,0.6825233942358088,-0.2640209825831471
,,1.8547355177906237,0.5283689455995702,-0.7158781273015229
,,,1.214957954759461,0.7850899932879895
0.5285193471942999,0.35110288816142393,-0.6119014017246858,1.0342372365387726,-0.7636546553325686
0.051521917817404415,,,0.37773313040358564,-0.1465698686307631
0.1267568874386921,1.0486939352288862,-0.14132484051326297,-1.4340823683648625,-1.2678285991053517
-0.3673986983008349,-0.4812144121616599,,-0.7210595427288798,-0.8212289575393136
,-0.9276088942958388,0.012281508291439907,-0.6686258563059564,0.9693880874120423
,,,2.7850944793862027,0.46675777103939353
-1.597764770295902,-1.0877626860828835,0.10006241909350158,-0.874982198253499,1.3810459040380725
,1.620260348768617,,0.09581600057444546,0.7629276172716115
,2.6217206533615163,,0.5750098067936281,0.08516181615889624
,,,-1.2459810990210243,-1.0311765310675283
,1.050930051241885,,-1.0023999329532427,-0.10428057426691965
-1.5566362484779153,-0.7769285177995314,,-1.7457148233675925,0.5821795836293266
,,,0.5095663417330705,-0.2326012266666619
-0.9658071203706838,,1.2018479292902153,1.2146482843112014,1.2833599270085094
,-0.3605822540043687,,-0.5608048250854349,-1.0981674780738928
0.5547341461836381,,,0.4440317010658233,-0.04395872219382997
,,-0.16068102427025133,0.06657986944249732,0.01152488459218386
,-2.514285699908599,,-0.19246625870376535,2.4685968416456654
,,-0.23993125049665603,-1.1450023236379718,-0.47247875753903135
-0.8974572267509713,-0.5159296687854668,,-0.5335988654091038,-0.5344392460400006
0.11054665693678443,-0.03450930019072887,,-0.8614567889861245,1.2989644935725326
1.0268160161558004,,,0.4736427927530637,-0.49483940309132607
0.2943767584836572,,,-0.7863991576413616,-0.7225894157026407
0.9040373849953198,,,-0.31824988754583694,-1.2760856258764
-0.8098635045309658,,,0.730448572492959,0.1500042283652788
0.47351016125191203,-0.2431548462277079,1.0296932518851307,-0.1864621790693326,0.3938373457947117
,,-0.6044645214734339,0.6756932769048238,-0.8718367764707429
,-1.4020102550022708,-0.22057690898115817,0.6938185190953385,-0.19371663319115304
-0.9155681168852217,-1.3086341716900118,-0.7463722082777255,-0.3057239878672151,1.5929269756574875
-1.5493294685259587,,0.6240980942444693,-1.6314739170407782,0.438850111173585
,-0.14372075364402911,,-0.3930163815607784,1.0355552840863957
,,-2.0840684995479806,1.3874974157031754,1.0465303873699
-0.7326930579704272,-0.4160900984171147,0.6496407413754683,-0.954613655273493,-0.9551829808974849
0.40920468270389326,,1.032935543445233,-0.7676981026480059,-0.7723681678443254
,,,0.23111453654045572,0.8057538072104977
,,,1.0496157693605872,0.45961689252209154
0.8005525295921558,,0.6284009284637634,-0.5193330207968571,0.09355083059922122
,,,0.7662125229111126,-0.7116531692195868
-0.4471993444615284,0.0013768898426250642,0.042930452030456756,0.2866556477095778,-0.9236874014926988
,,,0.15920351504179042,0.5206510164724926
1.257484828251853,,,-0.11980733430809065,1.6013608596124587
0.8887412847230263,,,0.7743500265829247,0.15981564795823944
,1.1537810955932448,,0.5185801366087411,-1.61393058569407
,,,-1.445754883093059,-1.1517246707737256
0.7098202535556714,,0.1977345732086461,-0.2638222329000412,-0.3754536074247686
,-1.9108459527774306,,-0.5308231220412639,-0.07030726490896341
,-0.44176565350942004,0.5251127789338131,-0.8505756021656815,0.5634976871303597
-0.5052617348097367,,,-1.8543576731638063,1.509092032041944
-0.9256189316632941,,0.6350275631594741,-0.5511481551497256,-0.10193043732371812
,,-1.9131818583387985,0.5285754572673729,-0.6640775776693497
0.7281795678499827,-0.12939736770534285,,0.8980431536225391,-1.0634981696055612
,,-0.19538733941358327,0.5448135766111799,-0.6141890446155757
,,,-0.24084376504874747,0.2656528182725525
,-0.5599843978965477,,-0.6525855507205455,-0.2285451190527981
0.015271328945531886,,-0.4698820787314095,-1.155635485204391,-0.9470463936010078
,-0.6921692346531616,-0.5811865141741472,-0.6635852203509556,-0.12886302103545197
,,,0.06409993091563772,1.690407160869603
,,,-0.9064218479598721,-0.3027510585542493
,1.4294419092005235,0.4881403686024976,-0.35971365661008037,0.11480218387457854
-1.5813040243139218,3.020170174837252,0.0010015407613942343,-1.0934730302874067,0.22370214742493538
,0.8367315568993217,0.666532638014956,-1.9813869189697322,-0.3269017319188708
-1.0602787348083478,-1.4457960757932093,-1.9140566780597665,-2.065515774183868,2.087829686978135
,-0.2016945173352352,-0.4932181754428875,-0.8145214163799801,-1.5345950501337622
-2.116712259805323,,0.5276924801377366,-0.39864291305871874,0.16502488004673835
,,,0.18665511415357466,0.8558665937066549
,,-0.9630253703965888,-0.7879945355153055,-0.23129489202817705
0.44241560624781656,1.455664218545845,2.9746856988761734,-0.270220924973799,-1.1806118848163845
,-1.8439239666972491,0.21706371974590538,-0.7426746353481934,0.41454582288346614
,1.4142959389596887,,-0.23517229346128937,0.3891582827846363
,-0.21114417580420283,-0.6333324417806339,-0.5069393288467708,-0.004852117809558114
,-0.24257554538324805,-0.8335299652575245,0.9037503855637363,0.5596001991288819
,1.1519836257842113,0.47595958318056986,0.21348406247363677,1.3050331563819337
,-0.8622120713121704,-0.492921221600302,1.3721174478127425,-0.3631855782067109
,,,-0.7503918443795825,-1.645692469043154
,,,-0.9659986916665892,0.4196325674308005
,-0.2538012389527332,0.17092410202195754,1.220500217797514,0.0344905884549663
0.8284865318075062,,0.6625191110494634,-0.6122110465899443,-0.6887252250393019
,-1.885626714250984,,-0.2268508198235088,0.6162843812099914
0.40594114545916105,,-0.9736145491473042,0.9794499453875068,-0.05355564302380454
0.39889913081883116,,,-0.3884784545924247,2.474865661455375
,,-0.6933568688357553,-0.15521391844972057,0.5125576482628669
-0.5576743008838804,,0.3342378696211159,-0.6204439942689325,0.41519921037028396
,-0.19786701843712365,,0.7193432711743174,2.3518511380692653
-1.4353020864139012,-0.4980734263261104,,1.136808848221602,0.21089638753028533
,,0.2816437865358278,-0.42987484332879267,0.20202205532593695
-0.132571763478437,,-0.1821370408514594,-0.4448309603558763,0.350281631329084
,,1.4641527422628218,-0.4077934600457304,0.010920325910536868
,-1.0660020211761236,,0.07143608872997016,-0.12726856396068054
,,,0.016746844186687485,2.115223600740378
,,,0.9505872212645442,0.12781113262299862
,,-0.8462829777318999,0.08083767527234301,-0.47902580105169446
0.06057360003437429,,,,2.092502086237264
,,,,
-1.5381208139099638,,,,
1.7586101727420544,,-2.400993376697348,-0.24848159687543592,
0.08486032104972505,1.1057227584794806,1.1605650391614337,-1.0570911531532117,0.6815033042824757
,,-2.7631714629591255,-1.7336987896767226,0.2137761609864248
-1.7635122406532542,,0.543722610184632,,
,,0.2837834171629869,,
-0.04990947297086345,,2.2998062456561037,0.11140902332108524,
-1.8477527082751406,,1.5045036881477343,,
,,0.4038793267061192,1.3445658325635326,
,,0.33797501324218165,2.398455221046979,
-1.413436722571801,,,1.8167422903259383,-2.0200663146335662
,,,,-0.5752726167602596
0.7095618998682248,-1.9586613404386373,0.30236690570012126,-0.713285935718646,-1.1602732656124548
,-1.0170323618697035,0.5357768573819872,,
,-0.2798107789169796,,-1.577214445741131,-0.836046936845968
,,-1.531599648505789,,
,1.1217693014250025,0.1471253134655612,,
,0.13828819995625893,2.6371272234768353,0.5531631538220082,
,,,0.5488090976766239,-1.0805509341318271
1.3854266742328765,1.0003781443506097,-0.15409542662977357,-0.045091008915029596,
-0.4034476944176412,0.9120261138435868,-0.5578496796760521,,
,,,,-0.25718434903749166
-1.4199938275924686,-0.6476698059367082,-0.3404185126246783,,-0.7592098941935967
0.6127173585362787,,0.07285365461644142,,0.4924225075764786
-1.0592353554578189,0.14462263553337323,-1.7271108558003263,0.17230864389228173,0.663238454992241
0.10099379037386677,,-0.05418962629491963,,-0.20339076777937648
-1.2393046057292216,,,-0.9006567092569465,
-0.16186206569096392,,-1.4440905084147775,-1.4747579401627988,-0.4426705359484372
,0.2659220766079671,-0.39842333348175835,,1.5639395587209068
,,,,
,,-1.278884577930551,-1.6208773007766144,
,-1.4315658014299288,-0.19060464212878983,,
,,0.8475761610088198,-0.33017524860149294,
-0.019418936233321728,-0.7890090944250912,,0.09870735771544809,0.287431867527756
,,-0.640536365720604,,
0.5256734475141224,,-0.29474952253479486,0.09392248203423452,
,,0.8831763142341705,,
-0.5778259802944367,,-0.1106731533497411,,-0.5552927331552295
,1.0182079468394598,-0.17782470034832146,-1.4576223491873586,0.75685736943941
,,,,0.814855195226101
-0.8192806553647499,,0.08246282726499425,,-1.448577695708701
-0.1291853950880432,0.4369255123622555,,0.42074343579747997,
-0.49823842827710013,-0.6292713355927663,0.28107479091962384,0.9545004320112965,
,-0.1885513556313803,1.3708919104277175,,
,,0.8931001166280722,0.7067006871524762,
,0.8574235262829162,-1.2985478507026147,,1.4546876766334822
,,,,
,-0.013157002793253525,-0.7034384105487052,-2.077043252770341,
0.631918994427397,1.15975016232719,,,0.6058066066946682
,,,,0.2676066013134478
,,0.19998526040038597,-0.05887353528433478,
,,0.7323165576243025,-2.665517742392037,
-0.9399107086006829,,,0.30542883386545244,
0.7902538974779287,,,,
,,,,-1.1087851013905414
,,0.9581225122774949,,
-0.36736897313798256,0.516156177132917,0.14566614011074522,,
,-0.5744178685637378,-0.43467456164736284,,
,,,1.6803210341070718,
,0.19330558392931324,0.21096740763689323,,
,,1.4641680591600625,,
,1.348126098821222,,,
,-0.6441335397723926,,,0.20754624907608077
,,1.7384967391840778,,
,,,0.9697654838013616,0.08243794200914327
,,,,
0.7139449300498227,,0.08197270969577093,,
,-0.7827246240270411,-2.475435483081632,,-0.017481817892921882
0.2077931210724769,0.5963108598841573,1.2752959176925858,,0.41034957782553916
,,0.6295470252176542,,-0.15013133672365575
-0.35469663204291396,-0.34589867833756166,0.8107151983408735,1.4152835826695778,
,,,-1.1665434691247611,0.786870544134378
-1.3218589984488252,-1.161419651076695,1.5261313322702927,0.13566494778345398,
,0.6053091962063343,,,-1.2073594349986603
0.2230241022279541,0.3093585745303884,,-0.5441248846498891,-0.28106527747806104
-0.2721777095906842,1.2125083206929876,1.1674173670222232,-0.9784706041860004,-2.068867636824202
0.8392020228878617,0.5253205433147828,1.2484822190235356,,0.17513308336066621
,-0.24298056252208702,-0.9999382495003789,,-0.28828821847981395
,-0.04440014603974593,-0.5793494978802485,,
0.04688001473200519,,-0.048048320946006126,1.2395499555009206,1.8281944146129583
-0.8565982103046055,,,,-0.5356164132708932
-0.3417087004736021,,,,-0.6645258553933472
,,-0.1658744973367835,0.23213492652538145,
-0.5690823620091235,-0.5017504336305868,,,
,0.9900233878180873,,0.16408414201030275,
,,,,
,,,-0.809562010432281,-0.35383933189041866
,-0.2679482322453991,,,
,,0.16204239998365522,1.506097417854,
2.004165535399359,,,,
0.048825914202046745,0.7178684260647243,-0.7008517840021525,,1.0916027162021755
,0.22617470986854882,,,
,,1.4949508802837064,-0.18188152633183075,2.104633888629016
,,-0.0960311598551707,,
-1.5931924440542178,0.7557711622712447,,,-0.7262771771803805
,,1.0579755511729174,-0.6832764132769065,
,,,,-0.054018598776797155
-0.8717772380566865,,-0.8514916767954346,-0.4985103773831362,
0.6070080085823899,0.10433678018426723,1.1029565812049595,,
,-1.469891884930905,,0.9793135291563232,
1.186118190831867,0.5822011650913451,-1.0121656364411105,,
1.4466675885217817,,0.22573483751570386,-0.5143046934897607,1.8426954361795909
,,-0.764105923151816,,
,,0.801175219392892,-0.5137386642932361,
0.3042576610480152,-2.204225248628257,-1.9709665975776343,0.619769291310343,0.9439147426590849
1.2846166364168325,-0.44284692555969224,0.29110555569907465,,-0.27830317294369994
,1.0002316278486993,-0.3172174831985827,-0.5014265104407906,-1.018012635862356
-2.962656309406285,,,-1.5435978540739992,0.6185051253482463
,-2.9791574215700027,,1.6393340936163452,
,0.2989091045221075,,,0.24209721220978728
-0.05294398802865397,,,,
,,,-0.13819412987930288,0.03814695846807941
0.045271275534183676,-0.15260752227182653,-0.44657149316834494,1.019051866248,0.4153103583740217
,,0.4346524193820465,,
,-1.1241979809700635,,,
-0.3861803429326931,,-0.19784584316793882,-0.12229059557680606,
,,,-0.34585296374413105,0.88207802923125
,1.690321663427725,,0.5507085780283694,
,,,,
,,,,
0.33933705914072376,,0.8457943074187841,-1.4004882183229341,
0.9812822124676832,1.464124918698441,,,1.0957977945886206
-0.418286702373634,0.596599553762123,-0.7706605711654669,0.896025003543065,1.1817915069509568
-0.9181171385383985,,-1.2033592681590357,,0.5464653292424977
,,,,-1.2961391135346352
-1.1458732400625324,1.27633334714969,-1.3128874822844647,0.4433532082897066,
,,,,
-0.7840203093878881,,,0.34547053426212815,0.04671940270157839
-0.3776405290203277,-0.3411697503937664,,,0.08507222212793443
,0.42053597487568395,,,
0.7956867539064124,2.8993894429254485,-1.5853455181300462,,-1.4490024349794008
,,0.8881287189713691,,0.6288505521279941
,-0.5789433078610191,-1.8356946467354947,,
,0.8920260696247938,,,
1.0035397087547755,,1.2254086541221954,-1.6812055295018353,0.019465502694555575
1.5586349089821017,-0.1414287372980422,,,
,,0.4180263594482427,,
0.25339677527316934,0.7875120635757178,1.580394666847494,,
-1.738377925504317,-1.8858642777956192,,,-0.2952558502149714
,,-0.22811237473666204,,0.6524576848630143
-2.19641862881166,-0.831560729478649,-1.6653182199273138,,
,,0.495138649411395,-0.38476306769607715,0.17298633492117235
-0.11914194709495386,-0.0324894495264466,-1.7159054425965425,-1.2821702996668958,
,,,0.18394972627921627,
,,-0.09561130472258057,-1.0882308089810904,-0.8734849545438862
-0.35028055170862926,,-2.072769238626121,0.9945734168676582,
0.14803074264451413,-0.13486698312328546,0.2550886300903994,-0.6038117001184738,1.6175065897208243
-1.5804069507642193,0.839867556448711,-1.0087074328114787,-0.4433128241614515,-0.2681383141442523
-1.5829878714900465,1.1371018915225888,-0.9595638826622274,,-0.509772402810625
1.0691253862997931,,-0.2808251210947023,,
,1.42125114771329,-0.32980423501493134,-0.407971254731101,
,,0.05614416524199669,,-0.2167397974797018
1.6396507454422478,,0.6222227135824748,,
,0.05445974169376255,0.5814171731726904,,0.6090933322162948
,,-1.4789178513653336,,
,0.09431073527162696,1.2983204979354772,1.0159636081414831,
,,-0.45728187629801176,,
-0.7576020063342622,,,,
1.2154046446198703,-0.8486493449138498,,0.6766240896775068,
0.4149804964515534,,-1.5844941491394342,,-1.0950027541431746
,,-0.09716606472400192,0.35859529258558553,0.05403442248672682
-0.7386769199208469,,0.7381905586446467,,-0.5651248706566047
,,,0.005229483321399879,
0.5547720196595055,,,,0.6098047837013865
,,,1.6091743668958824,
-1.2900716639296343,-0.4957601030982324,-0.0962226986165516,0.130136638247454,
,-1.9605833599710014,0.8052334534897833,,
,,,-0.6730887914089638,
-0.7382754229757715,,,,0.44754820218260544
,0.7083285077006328,1.093266716279291,,-0.19568246143456558
-1.1203385097555605,-1.394231718920378,-0.0916551572779636,,0.24068607215555596
1.5470205590881778,-0.8608866485697636,,1.0493827134554874,
,-0.7111341571301524,,1.396021934384201,-0.7238537457025134
,2.2061352710443254,0.45754115899189646,,0.1772798200647759
-0.8877428596612515,,-0.2297601592785263,-0.607016549590304,
,-0.6901727465809854,,0.5816778891106148,-0.6719004998011295
-0.3543432188900371,-1.1434154979494664,0.42286616635285196,0.3962391254576709,
0.7911985167309126,1.072801378477644,-0.08520594171980643,0.23737361691335745,-2.7244971778385034
,-0.828735493078938,,,-0.5864138747205225
,,,0.21865426481840003,0.8693575162991286
,,,-0.32484181974280835,-0.7037950920974919
,,0.9241439491942585,,
1.1333210767693012,,,,-0.4829467257131337
,,,,1.6631788478445395
,,0.24233790023190055,,
-0.4813664691459126,,-0.2905467881941206,1.7430809022938698,-0.26345212669855217
0.8824312688229397,,1.1994302890536348,,
,,0.8014240415988924,,
,,,0.9147589249552552,
,,-0.48940914089759197,0.27611721325972294,-0.33377827898388435
,,0.5485004780764052,,
,,-0.48469969111870265,0.7186067716073917,-0.832623550042628
0.0723845143837587,,-0.4789628969760652,0.1409799702963747,0.4317555909335413
-0.9082251110674391,,-0.5609952831766774,-2.2361701290863145,
,,0.8857228217526882,,-0.27486530899332295
0.46806452655543596,0.3711885267534847,-0.09766793189769529,-0.04277011465599926,0.14829688097618215
,,-0.15696833713219124,-0.8592305662012069,1.3194215116081864
,,,1.5247160235276718,
,-1.2724950577565377,,,
,-0.8480837669871476,,-1.7307232431189004,
-0.5157064908592557,,,,
,0.8180548808016808,,,
1.3100107869219806,,-0.7783011683550085,-0.45847500863702345,
,,-0.09458014747544657,,
,,0.44975252344828165,,
,1.084759851864657,,,
-1.7607441507658983,0.5578565066913538,-0.7399256254662262,,0.9879530173885375
,,1.0651396631203762,-0.205592051196389,-0.21977159256971318
,,-1.7438246589096622,,
0.8844573048671229,,,-0.3190786812444831,
,,,,-0.8863246068131478
,0.22209521935486382,,1.686799561821235,
,0.46095864603670783,,,
,,,,
0.18333599581976548,,,-0.5496770956933122,
,-0.06962649837814888,1.1519230328653838,,1.0232952423282144
,0.042627116478668826,-1.1274436591120358,1.1812103156748963,
,-0.8974895365112937,0.2407591889384112,,0.0311987204729815
0.29535657824082995,1.5808377443173964,,-0.6253606147370178,-0.4957290171235914
-0.9186895006899239,,0.1687601526292761,,
0.6321015816683545,,0.8288214053367422,,-0.23771828011659787
-0.7775061553265288,-2.1452379589516326,-1.0744092873031976,-0.1438484786771554,-0.43241928548696723
,,0.42490811018704433,0.1148386810403506,0.5045927820328874
,,-0.7311744220775294,,
,,-0.2221091714223688,,
0.568935372924483,,0.3845694619693715,-0.6640141412912853,
,,0.9106172166933741,,1.3417336300666007
,-0.5633869012671013,,-1.5937195810759084,
,,0.3847892803724616,,1.3021694447978711
,-1.3284592680975662,0.5402139244991961,-1.1300821411055573,
0.11109565843550295,,,,1.0989636111875005
,0.4274806728399335,-0.3432040418766951,1.946108505506571,0.3277883022916665
-0.4723029046289554,,0.25842780922855285,,
,,,,-0.5118865897213164
,,-0.8566615151811283,,
2.2060122757612617,,,0.4943730056574866,
,,,,-0.7589557769049844
0.549381034887699,1.4731800605870953,,,-1.876756401488978
,,1.2031814386298252,0.3839734905272997,
-1.2809592476981297,-0.003357292566436714,0.3301182046918951,,
,-1.4421557732457957,-0.11063462310600966,,
-0.02106402654704801,,-0.13784155109808424,-0.3387484927615547,1.0396824944317067
-0.018777388412429204,1.3937794306800575,-0.29005023090441406,0.38385473477623583,1.7567548286520902
,0.10408504908178418,1.6878476361775832,0.4138467921503163,
,,1.0142289666231452,,
,,,,
0.5694088572952221,-1.266127601542434,-0.7402486807614012,,
,,,,
0.32651956693235856,,-0.7021152724266487,1.1832625265304006,
1.2516147604181613,0.09624833935464631,1.565959288472173,-0.27463371487069393,
,0.4439101372752751,,,
,0.7126318047742083,,-1.653616341655064,-1.3875630150038978
-0.04273347706579508,-0.02129466686831066,0.590734971075372,-0.59601108561403,-1.901342551552303
0.5667646809836069,,-0.8552447517739039,1.141237026261911,
,,-0.22974814667755036,,
,-0.010156962900940406,0.6866847870510123,-0.3046153524382449,0.7193577103118969
-0.15002355377691123,,0.8998003037184564,-1.6908789018005794,
0.7786890858824455,-0.22622065906776742,,-0.17489374149455444,-0.10879438636896116
0.5836344262767588,,0.24348391561002425,0.8807545567035581,-0.3566738048132494
-2.012541826385596,,,,-0.041354452149263074
-0.7702583422149339,,,,0.8046116714612165
-0.6586474414512018,,0.8100343286708852,-1.039058801182489,-0.5805453035758652
,,-0.34255834213949304,0.8263796736991634,
,0.8220805358652067,,,
0.08607687745702612,,,,
-0.44219161474516155,1.6290000303693513,0.12218086121576767,0.2668600982560381,
1.818764796213676,-1.1283682741220311,-1.3312369750695596,-2.7493795885588765,1.0085565309000917
,,-0.0011933369071059007,,-0.10933781559480611
,-0.2804376045076081,,1.3255056490588362,
0.8902103406070434,-0.2571187390835289,,0.8082723398227813,-2.573410310252469
,-0.38558591266545217,,-0.22655485442364667,
,,,,0.8741179903206318
,0.6802653202781461,-0.4676547218245762,0.19266634329918758,2.0284001733935138
,-1.2779554659788372,1.250817377882041,,
,,-1.279787100795015,0.20045104457532015,
,,,-1.066859428748777,
,,0.40146224425663113,1.3828526186165913,
,,,-1.339759219659911,
,2.9143375617643996,0.2341890742685108,,-0.51921439610806
2.080001242365221,0.8973992856645897,-0.19023671357034672,,
0.2836554863699331,,-0.6538133589785236,2.2753613272044406,
-1.806073314187515,-2.3364487086157903,1.2027553456442224,,
0.1526517966672831,,1.055719033412828,,
,0.2715162462061718,0.14580257380221276,1.2909251273880016,
0.46618580588888314,,1.3752158633182965,,
,,0.2151092357591277,,
0.7799151901686812,0.19315763719213622,-0.019737538100692106,0.643223216350067,
0.9934094842176382,,,0.646767417408106,-0.740256717589342
0.5670381260326524,0.9465772482266771,0.48594835656893176,-0.6920226691203417,
,,-0.018505663361516933,,
-0.5144302049668212,,0.9429933233157918,,-0.9742613608958536
0.7945595299649804,-0.6683638851649709,1.7034163778655653,,
2.1007586116866235,,,,1.1308391837272114
-0.9467530217399798,1.0227508705874835,,,-0.7516907656186842
0.7189029388061171,,,2.5246232582476913,
0.4655663743657804,,-2.1808485747467268,-0.33452957268163475,
,,-1.5531798721945649,,
,-0.21508883665328216,-1.5566367248641793,,-1.4691705689644439
0.14793781526055494,-0.6432912413564557,0.5282221602411599,-1.2774119230176386,0.09118488812638903
,,-0.5067367193993402,,-0.259189357493886
-0.4325688666967511,,,-1.4362433073690704,
0.764182721964641,-0.9585888495486095,,1.1815027663581552,-1.3139470942653844
,,,,0.5038900673306139
-0.885863393604687,0.018572653192369303,,1.8982426839539592,
-0.4802273750043287,,-1.3856457994959046,-0.8147171595778475,
,,-1.2215862327768636,1.285636633357457,-0.17183434489535132
,0.8558465243439264,-0.21015464949442592,,
0.9827083057893456,1.6755504903705352,0.52796498284382,,1.6810660048424129
,-0.9119134678722538,,,-0.08293275107639898
-0.15820651998679366,-2.0978795327241695,,,0.5628180944329005
,-0.21563410355650284,,0.584884585557423,
-1.5904583006507125,,,-0.381790881617796,1.8896182691685597
0.9634246745438554,,,,0.5082543294957674
,,-0.742630612976226,,-2.411170778646704
,1.1496177204542835,,0.8058184421185823,
0.20781928524090382,1.2503636404336302,,-0.7371336790070542,
,,-0.8093931937183624,,
0.16737535500002562,0.5085676829700198,-1.0374599098791841,1.0933188906458982,
,,-0.35507841632132403,,0.6173122103971288
,,-0.4712427577611355,,0.7138355898881364
,1.1917907521342883,,,
-0.5082704295721062,2.3894089140748145,0.48653536028211875,0.6141122259570787,
,-0.4626226782384033,-0.3640926797126959,,-0.4971836771671616
-0.7231304574335735,,,,
0.3290272709394253,0.3644786696843453,0.5124014622440243,,0.09204129179620704
,,-1.2198313208769835,,1.8758416722059428
-0.6387482336715987,,,,
0.32076349144075983,,0.3701253117312937,,
,,-0.882257046208901,,
,-0.28675141094228,-0.03741483732047882,,0.10935597183495774
0.5406885316838543,,1.115443638371906,-0.874226202348309,-1.4361547924956162
,,,,-0.8710643556561533
,-0.3395236069040216,,-0.6199456849559787,2.625864213487189
0.47537180919805555,,-0.7329548423921414,,-1.2172280359859915
-0.6151625990664524,0.2201642998987012,-0.1819934583222969,,
,,-0.46573882192070615,0.08315877145945495,
,0.059211337557326514,,,
-0.5149477101393757,,-0.38541327843641227,,
0.28401673895138463,1.993360149286293,,,
0.9791173387276249,0.8778101859030901,-0.5276064451207454,,
,-1.0232087586345198,,-0.8438623070220062,
,-0.6360635492849278,0.4607366928125259,,1.7946445582011425
2.046699313579967,,,,
,,-1.5787277224536125,,
-0.022709718353136125,,-0.5550766614726351,0.5226051564573133,-0.9351479279093247
1.3689647301342132,,0.6788410127336776,,
,,0.6492989069622065,,-0.9960284489085265
-1.5431033071390987,,,,
-0.05653836846521455,,-0.8306739210831442,,
,,-0.9213123146746491,-1.2942426189278924,1.096055113817547
,0.3931089102480167,-1.2396300113788188,,1.8393253775967542
-0.6621206365969374,0.8783668323857419,0.06227573801935551,0.286568159378785,-0.6336552669660357
,0.13810939264997357,,,
,-0.0444631427553274,0.618843991404129,,
0.6844699976604821,,-1.6011662451730921,-0.4394424485181348,
,1.6288201648673728,,,-0.4909464496381094
,,0.24684164739440428,-1.78095779708273,
,,1.3327002244332615,-0.6472035691472924,
0.4000748106221197,,-0.15541398711221766,-1.9296667339100684,1.3680029592234322
0.79378982254908,,-0.8540029165055443,,
0.5787015010765664,,,-1.285094045317464,
-0.15876968205862876,-0.15229939881852136,,,
-1.634953815538279,0.14450090006112135,0.32159619603000167,,-0.570796835720008
,0.23822601570861987,,-0.28410742018143775,0.4202058773810883
0.9285949925820862,,,0.4050952525238363,
0.6785828077181771,-0.09489614627034836,0.2506128346266753,,
-0.4970682961536339,,-0.15278882605840058,,
,,1.938186307131475,0.13556918061956616,
,,0.4042287791120022,,-0.6143581908643948
-0.847008084355293,,-0.7447015106917098,,
0.7337687630284875,0.4167593595164259,,0.0007117388738976065,0.7986602610830755
1.1326727830368692,0.5750311345181501,,0.5947465090556792,-2.0314632773230854
0.4619980443826726,,0.37359517530716074,,-1.4756733861839324
,,-0.1615691909551734,0.287554664943413,-0.5560340701670213
0.08403624922560614,0.502121116432353,1.6368682307804032,,0.06930226536613603
,-1.8247663065280335,1.9327315695370217,-0.17582865629789873,
,2.7057073595225436,,,
0.6332530585652376,0.27438705333963787,-0.8546673717151841,0.3061644395535165,
0.4722945317746613,,,-1.3068809335703002,
,0.8592046565733282,1.5686878717396069,,-0.5780792995139781
-1.1541862126305078,1.145812558955045,0.32729384221137064,1.578416416669903,
,,1.2147248314937684,,
,,,,-0.3292875386763976
,0.4805642120457318,-0.09725064270883665,,
,-1.9503089159214735,0.8159968611617653,0.4457704229546423,
,0.519432008601177,,-1.8023432600853098,-0.55815454495379
,,-1.325358029893358,,
-0.6317274003931436,,,,1.3827352110088162
-1.4936695807936307,,,-0.6275150156206066,
-0.9156879880203292,,-0.6296386164993983,0.06331480867492195,
0.37334362570039326,-0.013587672483338824,-0.4832305851878969,-0.1849248268776285,
,,,,
,,-0.4031935787533398,,
,,1.5122632275851424,1.0670221528432964,0.7299724566784751
-0.03948146719073392,,-0.19591128312355283,,
,0.003652432924534814,,,
,-2.063377752050593,0.18911645486775938,-0.409237838524546,
,-0.14295915933888456,-1.1610847602288248,,-0.2747348906784484
-0.42989788339507057,-0.5801492395039501,-0.34839500889460273,,
-0.8039397666337031,-0.21473703432161406,1.2518275536732382,,
-0.5754068271725286,1.675281135878421,,-0.16230500020264904,
-0.10574173808987421,0.21525123604952148,0.5594859784017109,,-0.9554883999263745
1.1697610348241878,0.47975888399179173,,,
-0.028086056349264758,0.17307534530216,1.2653294063483238,,-0.9507135756156689
0.3559279006300794,-0.28815924033443735,-0.5118815428271668,1.4105546315850108,0.2724619307164026
-0.8879302601601539,1.1485208882176061,-0.9679559374444087,0.8542003706430948,-0.09053671613581458
-0.43683241418343377,-0.06552950372581723,-0.9761553773060987,,-0.20853962209650895
-0.0590711792620387,-0.250106470406621,0.3862043475174707,,-0.34234235931128987
0.5875480332771981,1.5078866003200528,,,-0.8930982547397737
0.542053188881476,0.15138243966197312,,,0.06846871704364772
-0.03686000054366225,0.4044419575715926,,0.9970830246908093,
0.7945145810839578,0.06310787010186447,1.0946366801333947,,
0.8105828577475157,1.2919663339679277,,,-0.04161686080709572
0.8065587397939893,0.21759222083789906,0.4262514869321712,-0.36576656508924954,1.1292767815356002
1.7438567549300235,1.0610192606843214,-1.5486369605325223,1.2028129588193084,
-0.23254212513284125,0.24111528880171507,-0.7239721807859997,,2.8685270900189495
3.0750782386224103,-1.6767220852047189,1.4734942195963818,1.10881425310106,1.8081575316718894
1.378603691179457,2.302003124231959,1.0243645795593186,0.8950446360190925,
-0.33000706482669173,0.06276253642552329,,1.4276314311926825,0.3088099694053707
-0.032110026065902686,0.31846402216800784,,1.2223539684253704,
-1.1918063905259813,0.23070764284415282,-1.4082385867303107,0.2668708908189151,0.15757752123764032
0.8732459183332936,0.7841430063144575,,,
0.5556534660947827,-1.7853350509548294,0.5942951088648499,0.671841001941128,
0.6456078762460808,0.31970861931675515,,,1.3287271279779083
-1.4423509875610951,0.6438368662081105,,0.730399087202242,0.3912596146562253
-2.0629084144822243,1.6841157387742962,-0.5473638260128805,,0.5368872629418289
-0.7861233564148492,0.0820065178430104,0.8595810351415215,,
-0.7379290944668735,0.2039085866176093,0.20298498973651755,,
-0.2647370144975314,0.8886760639841985,,-0.6715543780990435,
1.1010407641471744,0.3538038318101374,-1.5719391841831298,,
1.5064002202916273,-0.12298251848196803,-0.17229485197398875,0.48599057538823615,
-0.49973460554184435,-1.9124072177044618,-0.6045845652316367,,-0.9452680606893746
-0.007798666394489487,-0.5586767738483998,0.6425665099386715,,-0.651060559150377
-1.4500448214849588,-0.2679146108725169,-0.25326093562398744,-0.11905533950531254,
-1.97439598459894,-1.3572916324995268,-0.8034618341612869,-1.767538622337508,
1.7365155817444253,-0.688975328585496,-1.8230206106437419,1.2362620289154003,
1.1765740518482088,-0.397164871926938,,,
0.13889187528909305,0.2401973116669751,,-0.5563591907632899,
-0.5487332648454123,-1.0117697837264032,,,-0.5734338681445841
-0.10226736686493447,0.7104651250828264,-0.23057729831344187,,
-0.7181798559712502,1.1093665989684514,0.7941147245578922,1.315770597707081,
1.255273601367937,-1.0097336087747009,0.8504045864315853,,
0.3561926509377095,-0.6158355506670689,,-0.9289447010324664,
0.42771457898930915,-1.6693870378139812,0.4610268552552032,,
1.1642172420760668,0.5162795810675163,,1.2080983407253876,
-1.2432993782099222,-1.376007137776602,,,-0.4357038755688701
1.219778938258456,-0.2351610106926908,,,-1.7723736707850832
-1.4189248623566957,-1.649927901039689,,0.8989634492622721,
0.45077466705423985,1.468034539057779,-1.821431571548062,,
0.23440463870630002,0.43415280425040853,,,
-0.09670609311075679,-1.3029102214787183,-1.3764434273821549,0.3838598811756904,
-1.433128239864203,-0.29857379967712255,-0.17970292611516905,,0.8627530851414029
-1.4268253373835715,-1.0443378203344862,,-2.126742092931935,
0.5915094576239357,0.7134771892849845,,-1.138620665628488,0.6209123955256042
-0.057721966323702564,-1.3321485687932455,-1.1010786203537055,,
-1.266768857642813,0.861649302973609,0.4053332683736372,-0.02160470360180945,0.7783092810742178
0.48602416672256066,1.0239074039645688,0.31259489671282537,0.5112581535387848,
0.8361444055550807,0.23062383990656485,-1.1744052488876537,,
-0.9054682393665059,-0.08647871933799156,,1.1165340678739624,
-1.048083150859436,0.6885713356523477,,,
0.12736335945195726,1.5129132086373644,-2.1250794267555975,,
0.8688507872978937,1.187665485905125,-0.14461498811585147,-0.09897057351966722,
0.9378417627328427,-0.8835063803549306,-0.252553377561398,-0.17262828867229957,
-2.003562228660938,0.8685166438323627,,-0.23935078533646903,
-0.0037483665919702007,0.8927137799732264,,,0.38461315812010627
-0.6718417322581044,0.493585449931353,0.927801617282909,2.0935363725346376,-0.054573558248555594
-1.032632438224206,1.1058795771582173,-1.529180901237042,,
1.6489777630659939,-1.5427616674040983,,,-0.9569103330582863
-0.9014638035187714,-1.826831221020252,,-1.4193315498436523,
0.5302839413597898,1.1180060304228876,,,
-0.5666042520358487,-1.4026455562504956,-0.5878515718988688,,
0.5758636411271516,0.01960856155325748,,1.3633612930420642,
-1.0887465972089292,0.14724585829602677,-0.23306810473498418,,1.7729381039275873
-0.5150260854146677,0.5897663189010646,0.31780356817308725,,-0.3108949323707547
1.5940749499093532,-0.06233073593043659,,-2.6946514470239897,-0.009308444247218675
-1.6410843506764514,-1.2917121621207868,-0.23697932044765727,,-0.74410485839728
1.0875719397110524,-0.33280694893710033,,,
0.04376256815449937,-1.661522748985616,,,
-0.13043363477373343,1.1473869144339344,,-0.8201202770121252,
0.31526116956596534,-0.07555637270715039,0.9339589926029342,,
-0.9989182529664585,-0.5326728119279789,0.06518934400116858,,-0.009267693017356398
0.392801106130643,0.34015705558303466,-0.07496821331192101,,-1.2232301516753865
-0.7146783866264654,-0.5644168021929913,1.155609599906213,0.020255334771072827,-0.8410131183745042
0.23705514946432008,0.3593907466252858,-0.7522581715280992,-0.06818089926782266,-0.5628766064927206
0.7146425948793678,-0.8620401426189485,-0.11254433030915777,,0.06871284374462755
1.0569789011550916,-1.3127499831437803,,-0.35983439949084045,1.0507963418586612
0.5743323863351777,-1.140039352393528,-0.17852280366526513,0.4254862816423199,
-0.8574968040742097,-0.7094299150506508,-0.13547477154774823,,
-0.07430357274809372,0.4470822384307324,,,-0.17654208437869004
0.9504441802382271,-0.264412015354633,-0.6788731992261685,,
-0.19598390044726197,-1.2009855441313155,0.43655775428255794,,
-1.2123417584855247,0.10461006515299638,1.237001088083215,,-0.027349285131682444
-0.5452831763962797,-0.07700049126351381,0.8432149250661737,0.09739046160666766,
0.21546476099032955,0.7336245556345814,,1.9841520595347126,
-0.7587943050672911,0.28362263932900666,-0.4286699308028347,,
-1.0421445529526068,-0.17430677858498214,,,
-0.9098157639804474,0.028737196630585514,0.6030688644744929,,0.5037134798873825
1.1951942935366335,-0.23015588839333875,-0.1970939000091884,,-0.7375385947984694
-0.2552538423331471,-0.4627865214119646,-0.2475044956737375,,
-0.9696836837182686,-1.0146736247676253,,,
0.40598782574939735,1.1550086632181913,-0.866903030703794,,
0.41137416546997124,0.5799624948095304,-0.12853196270100353,,0.3493396350809437
-0.7936457962194029,0.02554778257592657,-0.9053445352712493,,
1.0145007987195687,-0.735886425179906,,-1.2429106368489438,0.9041660672220879
-0.8127656972739172,0.6246423302176323,0.02970180263062215,-0.9862171765767365,
0.23843953339011154,1.798408560937714,,,0.47262846083898374
-0.265214599483053,-0.6829365976610654,-1.8007180151904363,-1.02756412010275,
0.4087643113483498,-0.9324368898143183,-1.3235661138587325,0.34864924188556634,
-0.6202554002720453,0.8983838002018639,,,1.1998839577335731
-0.2912151255839838,1.3022044495537484,0.87900034348969,,0.8611874161286327
0.4510912592470378,-0.9194332460138877,-0.13428881763499254,,
0.9871834256220543,-0.6003004649111249,-1.5231667036078849,0.19938237823678123,-1.7807336786496766
1.3266858244011899,-1.1858651437516354,0.4934621140913821,-0.6148581644738828,
0.5718658450540659,1.2368588653226955,,-1.0088443030477294,
-0.22138428534791776,-0.8541355295998864,,,-1.858782929854858
-0.6235725212169319,0.4838464480574121,-0.9917056777181789,,0.57029823320842
-0.16743256348760863,-0.1953137066832247,0.21191322634175117,0.9936951047956973,2.6237408506673887
-0.6117558787085884,1.4630907983052786,,,-1.148371331657237
-0.5839905061673152,0.9000481515627771,,,
0.688400126432515,-1.5243868859873317,,,-1.0905725018675096
0.7877369890425712,-0.03713310965560406,-0.37718453014191616,,
0.37284714545896724,0.29968304835568077,,,2.173626873875094
-2.760476449484687,0.24073323318650122,-0.21001851463321353,,1.6334372400912633
-0.7170996812489607,0.6309002020599593,1.192276437735134,0.18994577104818883,-0.09834257004877946
1.014840649795245,-0.12852926077166418,,0.3419082373170547,0.23043774699022612
-0.2928212386490427,0.3667248281380816,1.0869710501112761,0.4680927031965534,-0.3711784720008815
-0.2718569055309625,0.01760407565945815,,-1.053244022573972,0.6607442026674383
-1.33416961189579,0.07277812166809897,-0.787818872926335,,
-0.7141511556501992,1.717575579499902,,,
-0.3606436732437887,-0.08504436468137144,-0.30863567762668426,,
-1.6451632325053243,-0.43614619003970906,0.09734955339954152,-2.1417629776563496,
-0.26883237766716894,0.4853855287977307,,,
1.431397350574308,0.32251457765169916,0.8255609747436436,,
2.3907353325898395,0.6187404817834278,,-0.2244714376603722,1.0403909181420044
-0.08150024998182384,-1.5269893610773237,0.9675084090246887,1.071129893929402,
-0.38712867958656616,0.3148104933562622,,-0.9895092328870333,0.6939677471222481
-0.11473694868780616,0.7906861543766828,-2.1210146391321794,,
1.6491718663997812,-0.4098402459843692,,0.2158303225045352,
1.4483427633655352,0.4078140929623967,-0.254302070581805,,1.663855365925827
0.47923800730753224,0.45863474172845475,0.9670521013812661,0.6513358245629847,
0.9392384314744184,1.3510718683812921,,,
0.16865286835524998,0.2970665590491122,,,
0.5022398004326079,1.7960358145890147,-0.9189364988965844,0.7804024013829928,
0.33733162673120354,-1.996129405732878,1.4195581559898245,0.7748397069908172,1.1154402306795737
-0.3427528291649394,0.4367882244368782,,-0.10869815609296309,
-1.72908620498511,-0.08122403115970234,0.6521830647450462,,
-1.2972424694654674,-0.3412760010698245,0.23801661529791746,0.8519014257535226,-0.5159654116911295
1.6501589327639694,0.4914051673862565,,0.4700029339510801,
0.9388628656823601,0.9348109763715526,1.5634857090897107,0.4829630530558893,-0.8760037782482493
-1.7378091348904527,-0.35368572300826506,-1.0632204395576625,,
0.1548601333904248,-0.9998589864182621,2.2559056386119463,,0.9761719846097986
0.6840726100707507,0.23307594882471092,,0.7666455296404301,
-0.529721036761791,-0.196387182400214,-0.5120874016306569,,
-2.335886165672843,-0.9012732071021977,-2.252510696240444,,
0.19920915303291697,-0.16666811796435804,-1.2496741393349164,,0.6462468125688192
1.1152209841949086,0.23510952061748638,-0.7063235505275877,,-0.9309272609705955
-1.1633875414869297,0.39724867285532833,-0.7250735226893423,,
-0.36004329873939955,-0.05788996867087286,1.3870533635878726,-0.9272067957585951,-0.3975158718802555
0.3185901046858953,1.4549467030981724,0.230352477821476,0.39711551267106454,0.7174765395808185
0.4592194662300637,-0.5209707555730596,0.56810288213531,,1.1763119791748453
-0.10043866433074716,0.6413881168373532,,,
0.13834882791693479,-0.027112577690925024,,,-0.18724118909132254
-1.7045737174936686,-0.7926384786131028,,,0.47568431536269923
-0.36909182613741354,0.6479511422628129,0.5829637189321637,,-0.01564972686566522
0.433649453953266,-2.0141714026832758,,0.6007962973884198,
0.2237387927640041,0.22647551688999104,-1.9674405700405564,0.5657678034729241,
0.5670214286936127,1.1681843649843267,0.25789560976642406,-1.116674877382565,
0.12726410550818715,0.44879850257757165,0.9065124181034281,,
-1.6524500016067625,-1.1305814116747255,-0.5096534577485508,0.09194253762779156,
0.6885873602184274,1.0797214926288328,-1.1059618911816036,-0.6247651560735955,
0.48065577467646775,0.4278041885854062,-2.382374451231459,,
-0.31717024118564846,-1.028327851357408,,0.5097902111797892,-0.9125510647158739
0.9141509089156007,0.2987991904031119,,2.4640719245996783,1.2417255079430878
-0.012738879686069843,-0.0007108828769302797,1.03842418114133,-0.1457775286617086,2.1356339005751157
0.10304605992883868,0.5483894499365397,,-0.8986362698325702,
0.7354700538529305,1.049445593027147,,,-0.5476590336307481
1.3864667406799787,-0.7609029252199003,-1.2149171444492972,0.04748687046407006,-0.2925265294119159
-0.7024973615454381,1.7975298543139977,-0.3091232837189059,,
0.4198672092471701,-0.16897778871194877,2.2695333136838025,1.364970608280981,-0.14137923148043727
1.3528723665870732,-0.46338986914187846,-0.130242264301756,,0.510033232829835
-0.3955374014381456,0.06489480082197327,-0.8979636019011228,0.7926311756315388,
0.23116763628253684,-0.18340142900905076,-0.17048647035722736,,
0.6773422261932932,0.16313724700251625,,,
0.306586224412712,-0.8015170908064257,-0.8593523441334638,,
-1.3932908247585802,0.849873564435143,-0.28644371913522415,,
-0.4958523059783646,1.884473653207919,0.005993179470770699,,-0.10563505317419133
-1.739092682194058,-0.4121171580305875,0.8723524860113111,,
-0.630927234695398,-0.5984893937686373,,-1.3306018647756066,0.6397986763809459
-0.14744612556276962,-0.5414165723587221,-0.5714035890682101,-0.7249734486314046,
-0.9927801585182491,0.37218709894307433,-0.19632568608937429,,-1.2807892171226283
0.3634030532653636,-0.6413965303577112,,,
0.01731895781837714,-1.0810402645283974,,,
0.8798295838853147,1.9697803860703083,0.06819809017227244,-1.3898236552684673,0.09174194261303784
0.04109222220738588,-1.3081649602786396,1.0858195576033705,1.136210411935947,
-1.286357732299498,1.5479869607486778,,-0.17433392403061396,-0.5794856853333615
0.710257444285428,1.7640575344972715,,-0.3539284242279874,
-1.9087294097638554,-0.8046914934619744,,,-0.06673919016926391
0.650025613508465,2.206549439105557,,-0.9199447066800667,
