X1,X2,X3,y
0.6344989073170902,4.562448175237314,-0.5936775265449814,2.9157229949357473
-4.801602291685046,2.9241291466667763,-0.05782659857533426,-3.3395377183516577
4.295305219838522,5.086877684630326,-0.3537634949864916,6.838744062153685
-0.21020342604293435,5.994217237320833,-0.8333092766230471,2.7869051926174824
0.06357389713901748,5.508144346464543,-0.11217367966224184,2.817646070371289
-0.4963486000248163,4.2854508903841575,-0.30785624848318754,1.6463768451672625
-0.45068475202738223,4.859655049300152,0.09607717902976545,1.9791427726226936
1.9997209638551343,4.2112749645116,1.080031678353707,4.105358446110934
-1.8873413318006014,5.837829219242753,-0.18236860585435716,1.0315732778207751
1.3879168347976687,5.048324631975062,0.029047913480323435,3.9120791507851997
-1.1946760574254274,6.509593993822869,0.04676997108490853,2.060120939486007
-4.238708685860575,5.610024610714743,-0.7751039497470268,-1.433696380503204
-1.9023827646762155,5.006067306690169,-1.140508240929567,0.6006508886688691
0.5284786355983792,4.864044980807192,-0.05651200387466444,2.960501126001975
4.348236526841027,6.753241967934936,0.8260224670278767,7.724857510808494
1.2467591481848248,4.107852491331252,0.8011594568549033,3.300685393850451
-3.9702323214899584,5.214743840218938,0.2669236058777354,-1.3628604013804893
-0.7387064129226502,7.0976003096274525,-0.01466571808983953,2.810093741891076
1.9419761094678338,5.766213680416245,-0.13230584630640727,4.825082949675956
-3.382241868933606,5.034472266257888,0.6220317627241243,-0.8650057358046621
-0.9792344236011159,4.835610573454957,-0.35615239403815085,1.4385708631263627
2.2957273320708484,5.179933620394063,0.7862982447637766,4.88569414226788
-4.065943983758396,4.458745955140377,0.2555051453852164,-1.836571006188208
4.8624042080588135,5.620997522748926,0.30170646151923175,7.672902969433276
-4.210688508533198,4.011761621640373,0.019823555172155713,-2.2048076977130115
7.072935064351176,5.869022456371104,-0.17346189345853485,10.007446292536727
-4.479196089372591,4.128168099804662,-0.5151536645437597,-2.41511203947026
1.5111185229485617,4.858922255775966,0.044321240126420886,3.940579650836545
-2.2703618351537904,3.8781399137241275,0.29046725435879384,-0.3312918782917267
-4.459608460121814,4.987116795484372,0.10677674017062795,-1.9660500623796278
-2.9860069674908827,5.958156552296329,0.5483793098807902,-0.0069286913427180075
2.3969868416225246,5.119518586029819,-1.0107320996918412,4.956746134637434
2.286578921987376,4.96320101526827,-0.16332492055606007,4.768179429621511
5.478764585101331,5.990826202410275,0.0022676783302843406,8.474177686306469
2.4989021047727515,4.6742085189203015,-0.39842446092495953,4.836006364232903
-4.6735156897799905,6.1442007194590325,-1.2716520586859128,-1.6014153300504743
-4.935659132496307,4.55640735235738,0.041736991524885275,-2.6574554563176167
-1.8993594648054253,6.289117774668689,0.5308128759387837,1.2451994225289194
0.7316110103672637,4.365170386441855,-0.04475573694898858,2.914196203588191
-2.984035058612024,4.629395949839602,0.16214197156194654,-0.669337083692223
0.4874403175262818,6.243514532228157,-0.13978333742413546,3.60919758364036
1.5101996856322937,4.977940650787503,-1.1459037194317894,3.9991700110260453
-5.895208702555911,4.29374113719426,-0.5455716335915978,-3.7483381339587805
3.2967309865875034,3.408111850332483,-0.30685634865593425,5.000786911753745
-1.6119451678853727,6.290816669768423,-0.47826826673582196,1.533463166998839
1.5770321144278494,4.294067589060554,-0.7465019840736046,3.7240659089581265
2.1403688694648073,7.2278091998057565,-0.04283023060009022,5.754273469367686
1.4933293523545965,3.0342969418061534,-0.12925968803132232,3.0104778232576734
2.283931979270972,5.340120201401977,-0.31703929481444243,4.95399207997196
-1.2694955144547695,7.538874148950945,-0.30279946822063714,2.499941560020703
3.151756455026618,5.697568547031823,0.5922252380713716,6.000540728542529
3.361034470526926,4.854555668654297,0.1210406957684436,5.788312304854074
-0.19699306475251924,3.3191643683956302,0.21443960652232386,1.4625891194452958
-3.303098458077031,6.20204309581961,1.7073775735702095,-0.20207691016722595
1.3326774285411898,4.239424732784333,0.37930831501671197,3.4523897949333566
5.314019618260028,5.201547352134553,-1.0109261910229377,7.914793294327305
0.005218589696425584,5.254469121766853,-0.2663585909909582,2.632453150579852
-0.4642938236002457,4.7568119248315925,-0.7251849042629059,1.9141121388155506
-2.4646484661686605,5.225841136859707,-0.18928775204943962,0.1482721022611928
-0.13191396466550698,3.780044862782696,-0.5822686596093302,1.758108466725841
2.5638978842719324,3.692743138466356,-0.30370258002324735,4.41026945350511
0.535194574065902,4.167207574274697,0.06572572914854564,2.6187983612032504
2.4949748884186356,4.648812094425437,0.4709732876288644,4.819380935631354
-1.9016997173230485,4.1038506982208505,0.6090824190750974,0.1502256317873767
-3.0064352666176024,6.800484126736375,0.2294372998624277,0.39380679675058516
-0.07892401910677327,4.422598347826448,0.6842467743209457,2.132375154806451
-3.960443216405406,6.879314026032842,0.12853755858335292,-0.5207862033889854
1.2556526248240978,5.349712014633931,-0.37856135804232355,3.930508632141063
-1.0383298235049698,4.658035202927915,-0.5308677207791042,1.2906877779589878
-2.1906103272716924,5.7271340677866,-0.10201246364224077,0.6729567066216076
1.2595925357514481,5.215150202035009,-0.04079689290872774,3.8671676367689525
1.5185917690954711,5.486014915334867,-0.7577826364955365,4.261599226762905
-3.1111032998832457,4.319430473503223,-0.7824063022344774,-0.9513880631316343
2.5376282751919472,6.27960613553002,0.24177302237028692,5.677431342956957
0.25983844453145044,4.163670241730159,-0.08217651603575858,2.34167356539653
-6.219541594155295,3.792795781429432,0.2928629684004222,-4.323143703440579
-2.149833640281452,4.250207101744191,0.2855595051430175,-0.024730089409356282
5.999020550971476,4.612753969305359,0.8019281273914414,8.305397535624156
-0.32948850579168104,6.677861328186505,-0.3717791437087029,3.0094421583015714
3.48447517112346,4.569591528105161,-0.43758831490892824,5.76927093517604
